{
  "activation_mode": "deterministic_v3",
  "algorithms": {
    "NNA-Dijkstra": {
      "failure_counts": {},
      "metrics": {
        "hazard_exposure": {
          "RI1": {
            "max": 4543.41979712845,
            "mean": 3132.04638972089,
            "min": 1671.9240802927447,
            "n": 20,
            "stdev": 792.2575713047896
          },
          "RI2": {
            "max": 5446.6614171199335,
            "mean": 3053.6952578454484,
            "min": 1581.889681449161,
            "n": 20,
            "stdev": 1066.7446707175247
          },
          "RI3": {
            "max": 2964.122600267965,
            "mean": 1616.4233621690928,
            "min": 498.2938425842481,
            "n": 20,
            "stdev": 600.1573944700821
          },
          "RI4": {
            "max": 1397.7402524513348,
            "mean": 798.2178977876808,
            "min": 368.03184674662907,
            "n": 20,
            "stdev": 240.22786736505694
          },
          "RI5": {
            "max": 75.41883131537475,
            "mean": 50.2871455979918,
            "min": 22.120823704712887,
            "n": 20,
            "stdev": 14.735679551991343
          },
          "all": {
            "max": 5446.6614171199335,
            "mean": 1730.1340106242208,
            "min": 22.120823704712887,
            "n": 100,
            "stdev": 1385.942831081206
          }
        },
        "success": {
          "RI1": {
            "max": 1.0,
            "mean": 1.0,
            "min": 1.0,
            "n": 20,
            "stdev": 0.0
          },
          "RI2": {
            "max": 1.0,
            "mean": 1.0,
            "min": 1.0,
            "n": 20,
            "stdev": 0.0
          },
          "RI3": {
            "max": 1.0,
            "mean": 1.0,
            "min": 1.0,
            "n": 20,
            "stdev": 0.0
          },
          "RI4": {
            "max": 1.0,
            "mean": 1.0,
            "min": 1.0,
            "n": 20,
            "stdev": 0.0
          },
          "RI5": {
            "max": 1.0,
            "mean": 1.0,
            "min": 1.0,
            "n": 20,
            "stdev": 0.0
          },
          "all": {
            "max": 1.0,
            "mean": 1.0,
            "min": 1.0,
            "n": 100,
            "stdev": 0.0
          }
        },
        "travel_time": {
          "RI1": {
            "max": 32.81599234551652,
            "mean": 23.637687422240077,
            "min": 13.631614893325041,
            "n": 20,
            "stdev": 4.473535186015293
          },
          "RI2": {
            "max": 45.9689226696305,
            "mean": 26.444085878444035,
            "min": 13.172541569378575,
            "n": 20,
            "stdev": 8.416733448494602
          },
          "RI3": {
            "max": 30.854596739373598,
            "mean": 19.07051566468419,
            "min": 6.914697204135231,
            "n": 20,
            "stdev": 5.868502676351484
          },
          "RI4": {
            "max": 38.69222514247813,
            "mean": 23.809905768575597,
            "min": 10.413993816052232,
            "n": 20,
            "stdev": 6.644717006318853
          },
          "RI5": {
            "max": 7.695735297131389,
            "mean": 5.367599718933422,
            "min": 2.6508126441391626,
            "n": 20,
            "stdev": 1.362558603202676
          },
          "all": {
            "max": 45.9689226696305,
            "mean": 19.665958890575464,
            "min": 2.6508126441391626,
            "n": 100,
            "stdev": 9.539283296602862
          }
        }
      },
      "replan_count_stats": {
        "max": 2.0,
        "mean": 0.14,
        "min": 0.0,
        "n": 100,
        "stdev": 0.3746998799039039
      },
      "routes_file": "routes\\NNA-Dijkstra.jsonl",
      "routes_scored": 100,
      "wall_time_ms_stats": {
        "max": 8.489400002872571,
        "mean": 3.625803997856565,
        "min": 0.5240000027697533,
        "n": 100,
        "stdev": 1.952326955689818
      }
    }
  },
  "cohort_id": "la_trinidad_mini",
  "graph_id": "la_trinidad_subgraph_n200",
  "num_scenarios": 100
}